{
  "id": "329495",
  "name": "帮帮创意-移动端1.0",
  "font_family": "iconfont",
  "css_prefix_text": "icon-",
  "description": "",
  "glyphs": [
    {
      "icon_id": "274913",
      "name": "电话",
      "font_class": "dianhua",
      "unicode": "e6b0",
      "unicode_decimal": 59056
    },
    {
      "icon_id": "577348",
      "name": "留言",
      "font_class": "liuyan",
      "unicode": "e744",
      "unicode_decimal": 59204
    },
    {
      "icon_id": "15323572",
      "name": "代写定制",
      "font_class": "daixiedingzhi",
      "unicode": "e65b",
      "unicode_decimal": 58971
    },
    {
      "icon_id": "1528854",
      "name": "资源管理",
      "font_class": "ziyuanguanli",
      "unicode": "e644",
      "unicode_decimal": 58948
    },
    {
      "icon_id": "11068756",
      "name": "登录头像",
      "font_class": "denglutouxiang",
      "unicode": "e659",
      "unicode_decimal": 58969
    },
    {
      "icon_id": "11049660",
      "name": "DOC",
      "font_class": "DOC1",
      "unicode": "e64e",
      "unicode_decimal": 58958
    },
    {
      "icon_id": "11049661",
      "name": "PDF",
      "font_class": "PDF1",
      "unicode": "e64f",
      "unicode_decimal": 58959
    },
    {
      "icon_id": "11049662",
      "name": "PPT",
      "font_class": "PPT1",
      "unicode": "e650",
      "unicode_decimal": 58960
    },
    {
      "icon_id": "11049663",
      "name": "RTF",
      "font_class": "RTF1",
      "unicode": "e651",
      "unicode_decimal": 58961
    },
    {
      "icon_id": "11049664",
      "name": "XLS",
      "font_class": "XLS1",
      "unicode": "e652",
      "unicode_decimal": 58962
    },
    {
      "icon_id": "11049670",
      "name": "DOC",
      "font_class": "DOC",
      "unicode": "e61b",
      "unicode_decimal": 58907
    },
    {
      "icon_id": "11049671",
      "name": "PDF",
      "font_class": "PDF",
      "unicode": "e617",
      "unicode_decimal": 58903
    },
    {
      "icon_id": "11049673",
      "name": "PPT",
      "font_class": "PPT",
      "unicode": "e619",
      "unicode_decimal": 58905
    },
    {
      "icon_id": "11049674",
      "name": "RTF",
      "font_class": "RTF",
      "unicode": "e61c",
      "unicode_decimal": 58908
    },
    {
      "icon_id": "11049676",
      "name": "XLS",
      "font_class": "XLS",
      "unicode": "e61a",
      "unicode_decimal": 58906
    },
    {
      "icon_id": "1217331",
      "name": "换一换",
      "font_class": "huanyihuan",
      "unicode": "e655",
      "unicode_decimal": 58965
    },
    {
      "icon_id": "683009",
      "name": "首页",
      "font_class": "shouye",
      "unicode": "e623",
      "unicode_decimal": 58915
    },
    {
      "icon_id": "569751",
      "name": "返回顶部",
      "font_class": "fanhuidingbu",
      "unicode": "e622",
      "unicode_decimal": 58914
    },
    {
      "icon_id": "1736195",
      "name": "图片",
      "font_class": "tupian",
      "unicode": "e620",
      "unicode_decimal": 58912
    },
    {
      "icon_id": "551615",
      "name": "五角星",
      "font_class": "star_full",
      "unicode": "e627",
      "unicode_decimal": 58919
    },
    {
      "icon_id": "922128",
      "name": "五角星",
      "font_class": "wujiaoxing",
      "unicode": "e628",
      "unicode_decimal": 58920
    },
    {
      "icon_id": "2106421",
      "name": "关闭",
      "font_class": "guanbi",
      "unicode": "e6b4",
      "unicode_decimal": 59060
    },
    {
      "icon_id": "1653151",
      "name": "写",
      "font_class": "xie",
      "unicode": "e63e",
      "unicode_decimal": 58942
    },
    {
      "icon_id": "26905",
      "name": "箭头右",
      "font_class": "jiantouyou",
      "unicode": "e662",
      "unicode_decimal": 58978
    },
    {
      "icon_id": "25089",
      "name": "分享",
      "font_class": "fenxiang",
      "unicode": "e61d",
      "unicode_decimal": 58909
    },
    {
      "icon_id": "1379982",
      "name": "余额",
      "font_class": "icon-test",
      "unicode": "e61e",
      "unicode_decimal": 58910
    },
    {
      "icon_id": "128215",
      "name": "对勾",
      "font_class": "duigou",
      "unicode": "e65c",
      "unicode_decimal": 58972
    },
    {
      "icon_id": "711181",
      "name": "加关注",
      "font_class": "jiaguanzhu",
      "unicode": "e64d",
      "unicode_decimal": 58957
    },
    {
      "icon_id": "755199",
      "name": "关于我们",
      "font_class": "guanyuwomen",
      "unicode": "e9be",
      "unicode_decimal": 59838
    },
    {
      "icon_id": "1455729",
      "name": "ffan_星级（空心）",
      "font_class": "starhollow",
      "unicode": "e639",
      "unicode_decimal": 58937
    },
    {
      "icon_id": "1526608",
      "name": "AI",
      "font_class": "AI",
      "unicode": "e60c",
      "unicode_decimal": 58892
    },
    {
      "icon_id": "1526610",
      "name": "CDR",
      "font_class": "CDR",
      "unicode": "e60d",
      "unicode_decimal": 58893
    },
    {
      "icon_id": "1526611",
      "name": "DWG",
      "font_class": "DWG",
      "unicode": "e60e",
      "unicode_decimal": 58894
    },
    {
      "icon_id": "1526612",
      "name": "EPS",
      "font_class": "EPS",
      "unicode": "e60f",
      "unicode_decimal": 58895
    },
    {
      "icon_id": "1526613",
      "name": "JPG",
      "font_class": "JPG",
      "unicode": "e610",
      "unicode_decimal": 58896
    },
    {
      "icon_id": "1526614",
      "name": "MAX",
      "font_class": "MAX",
      "unicode": "e611",
      "unicode_decimal": 58897
    },
    {
      "icon_id": "1526615",
      "name": "PNG",
      "font_class": "PNG",
      "unicode": "e612",
      "unicode_decimal": 58898
    },
    {
      "icon_id": "1526616",
      "name": "PS",
      "font_class": "PS",
      "unicode": "e613",
      "unicode_decimal": 58899
    },
    {
      "icon_id": "1526617",
      "name": "RAR",
      "font_class": "RAR",
      "unicode": "e614",
      "unicode_decimal": 58900
    },
    {
      "icon_id": "1526618",
      "name": "TIF",
      "font_class": "TIF",
      "unicode": "e615",
      "unicode_decimal": 58901
    },
    {
      "icon_id": "1526619",
      "name": "ZIP",
      "font_class": "ZIP",
      "unicode": "e616",
      "unicode_decimal": 58902
    },
    {
      "icon_id": "1528835",
      "name": "充值",
      "font_class": "chongzhi2",
      "unicode": "e625",
      "unicode_decimal": 58917
    },
    {
      "icon_id": "1528838",
      "name": "对话框内容_线",
      "font_class": "duihuakuangneirong_xian",
      "unicode": "e626",
      "unicode_decimal": 58918
    },
    {
      "icon_id": "1528845",
      "name": "求助",
      "font_class": "qiuzhu",
      "unicode": "e62a",
      "unicode_decimal": 58922
    },
    {
      "icon_id": "1528848",
      "name": "收支记录",
      "font_class": "shouzhijilu",
      "unicode": "e63d",
      "unicode_decimal": 58941
    },
    {
      "icon_id": "84442",
      "name": "qq空间",
      "font_class": "qqkongjian",
      "unicode": "e7dc",
      "unicode_decimal": 59356
    },
    {
      "icon_id": "614417",
      "name": "微信朋友圈",
      "font_class": "weixinpengyouquan",
      "unicode": "e67c",
      "unicode_decimal": 59004
    },
    {
      "icon_id": "4924",
      "name": "上三角",
      "font_class": "shangsanjiao",
      "unicode": "e600",
      "unicode_decimal": 58880
    },
    {
      "icon_id": "67894",
      "name": "下三角",
      "font_class": "xiasanjiao",
      "unicode": "e60b",
      "unicode_decimal": 58891
    },
    {
      "icon_id": "16049",
      "name": "QQ",
      "font_class": "QQ",
      "unicode": "e607",
      "unicode_decimal": 58887
    },
    {
      "icon_id": "37465",
      "name": "微信",
      "font_class": "weixin",
      "unicode": "e608",
      "unicode_decimal": 58888
    },
    {
      "icon_id": "45877",
      "name": "微博",
      "font_class": "unie61d",
      "unicode": "e60a",
      "unicode_decimal": 58890
    },
    {
      "icon_id": "54630",
      "name": "支付宝",
      "font_class": "zhifubao",
      "unicode": "e609",
      "unicode_decimal": 58889
    },
    {
      "icon_id": "706529",
      "name": "显示密码",
      "font_class": "xianshimima",
      "unicode": "e65a",
      "unicode_decimal": 58970
    },
    {
      "icon_id": "1078595",
      "name": "隐藏密码",
      "font_class": "yincangmima",
      "unicode": "e637",
      "unicode_decimal": 58935
    },
    {
      "icon_id": "626009",
      "name": "我的点评",
      "font_class": "wodedianping",
      "unicode": "e660",
      "unicode_decimal": 58976
    },
    {
      "icon_id": "637411",
      "name": "收藏",
      "font_class": "shoucang",
      "unicode": "e646",
      "unicode_decimal": 58950
    },
    {
      "icon_id": "1526240",
      "name": "点赞1",
      "font_class": "zantong",
      "unicode": "e642",
      "unicode_decimal": 58946
    },
    {
      "icon_id": "1528836",
      "name": "对话框",
      "font_class": "duihuakuang2",
      "unicode": "e621",
      "unicode_decimal": 58913
    },
    {
      "icon_id": "1528850",
      "name": "下载",
      "font_class": "xiazai",
      "unicode": "e630",
      "unicode_decimal": 58928
    },
    {
      "icon_id": "130768",
      "name": "搜索",
      "font_class": "sousuo",
      "unicode": "e603",
      "unicode_decimal": 58883
    },
    {
      "icon_id": "437988",
      "name": "专题",
      "font_class": "zhuanti",
      "unicode": "e606",
      "unicode_decimal": 58886
    },
    {
      "icon_id": "658876",
      "name": "我",
      "font_class": "me",
      "unicode": "e601",
      "unicode_decimal": 58881
    },
    {
      "icon_id": "994506",
      "name": "任务",
      "font_class": "tuxing1",
      "unicode": "e602",
      "unicode_decimal": 58882
    },
    {
      "icon_id": "1155269",
      "name": "话题",
      "font_class": "tiezi-huati-copy",
      "unicode": "e605",
      "unicode_decimal": 58885
    },
    {
      "icon_id": "1182088",
      "name": "分类",
      "font_class": "fenlei1",
      "unicode": "e761",
      "unicode_decimal": 59233
    },
    {
      "icon_id": "1230644",
      "name": "双箭头",
      "font_class": "sjiantou02-copy-copy",
      "unicode": "e604",
      "unicode_decimal": 58884
    },
    {
      "icon_id": "1409034",
      "name": "教程",
      "font_class": "jiaocheng",
      "unicode": "e61f",
      "unicode_decimal": 58911
    },
    {
      "icon_id": "1527504",
      "name": "左",
      "font_class": "zuo",
      "unicode": "e618",
      "unicode_decimal": 58904
    },
    {
      "icon_id": "1849756",
      "name": "排行榜",
      "font_class": "paihangbang",
      "unicode": "e68f",
      "unicode_decimal": 59023
    },
    {
      "icon_id": "2245682",
      "name": "活动",
      "font_class": "huodong",
      "unicode": "e62e",
      "unicode_decimal": 58926
    }
  ]
}
