{
  "id": "329801",
  "name": "帮帮创意-pc",
  "font_family": "iconfont",
  "css_prefix_text": "icon-",
  "description": "",
  "glyphs": [
    {
      "icon_id": "577348",
      "name": "留言",
      "font_class": "liuyan",
      "unicode": "e744",
      "unicode_decimal": 59204
    },
    {
      "icon_id": "683009",
      "name": "首页",
      "font_class": "shouye",
      "unicode": "e65e",
      "unicode_decimal": 58974
    },
    {
      "icon_id": "1004714",
      "name": "微信",
      "font_class": "weixin1",
      "unicode": "e66d",
      "unicode_decimal": 58989
    },
    {
      "icon_id": "7340028",
      "name": "电话",
      "font_class": "dianhua1",
      "unicode": "e71f",
      "unicode_decimal": 59167
    },
    {
      "icon_id": "680985",
      "name": "企业",
      "font_class": "qiye",
      "unicode": "e724",
      "unicode_decimal": 59172
    },
    {
      "icon_id": "1071025",
      "name": "用户1",
      "font_class": "yonghu1",
      "unicode": "e65d",
      "unicode_decimal": 58973
    },
    {
      "icon_id": "15323572",
      "name": "代写定制",
      "font_class": "daixiedingzhi",
      "unicode": "e65b",
      "unicode_decimal": 58971
    },
    {
      "icon_id": "1506638",
      "name": "文档",
      "font_class": "wendang",
      "unicode": "e66b",
      "unicode_decimal": 58987
    },
    {
      "icon_id": "4889728",
      "name": "卖出",
      "font_class": "maichu",
      "unicode": "e662",
      "unicode_decimal": 58978
    },
    {
      "icon_id": "11049670",
      "name": "DOC",
      "font_class": "DOC",
      "unicode": "e613",
      "unicode_decimal": 58899
    },
    {
      "icon_id": "11049671",
      "name": "PDF",
      "font_class": "PDF",
      "unicode": "e60f",
      "unicode_decimal": 58895
    },
    {
      "icon_id": "11049673",
      "name": "PPT",
      "font_class": "PPT",
      "unicode": "e610",
      "unicode_decimal": 58896
    },
    {
      "icon_id": "11049674",
      "name": "RTF",
      "font_class": "RTF",
      "unicode": "e614",
      "unicode_decimal": 58900
    },
    {
      "icon_id": "11049676",
      "name": "XLS",
      "font_class": "XLS",
      "unicode": "e611",
      "unicode_decimal": 58897
    },
    {
      "icon_id": "7097929",
      "name": "足迹",
      "font_class": "zuji",
      "unicode": "e656",
      "unicode_decimal": 58966
    },
    {
      "icon_id": "7097927",
      "name": "左箭头",
      "font_class": "zuojiantou",
      "unicode": "e657",
      "unicode_decimal": 58967
    },
    {
      "icon_id": "7097928",
      "name": "右箭头",
      "font_class": "youjiantou",
      "unicode": "e658",
      "unicode_decimal": 58968
    },
    {
      "icon_id": "1217331",
      "name": "换一换",
      "font_class": "huanyihuan",
      "unicode": "e655",
      "unicode_decimal": 58965
    },
    {
      "icon_id": "6882888",
      "name": "举报文档",
      "font_class": "jubaowendang",
      "unicode": "e653",
      "unicode_decimal": 58963
    },
    {
      "icon_id": "6486951",
      "name": "注册new",
      "font_class": "zhucenew",
      "unicode": "e64f",
      "unicode_decimal": 58959
    },
    {
      "icon_id": "6459467",
      "name": "vip",
      "font_class": "vip",
      "unicode": "e651",
      "unicode_decimal": 58961
    },
    {
      "icon_id": "6459572",
      "name": "注册",
      "font_class": "zhuce",
      "unicode": "e652",
      "unicode_decimal": 58962
    },
    {
      "icon_id": "13053",
      "name": "闹钟",
      "font_class": "naozhong",
      "unicode": "e647",
      "unicode_decimal": 58951
    },
    {
      "icon_id": "16049",
      "name": "QQ",
      "font_class": "QQ",
      "unicode": "e62f",
      "unicode_decimal": 58927
    },
    {
      "icon_id": "24374",
      "name": "问号",
      "font_class": "14052218",
      "unicode": "e667",
      "unicode_decimal": 58983
    },
    {
      "icon_id": "26941",
      "name": "时钟",
      "font_class": "shizhong",
      "unicode": "e61d",
      "unicode_decimal": 58909
    },
    {
      "icon_id": "55197",
      "name": "密码",
      "font_class": "mima",
      "unicode": "e736",
      "unicode_decimal": 59190
    },
    {
      "icon_id": "58141",
      "name": "关闭",
      "font_class": "tubiaozitihua03",
      "unicode": "e79a",
      "unicode_decimal": 59290
    },
    {
      "icon_id": "77193",
      "name": "人民币",
      "font_class": "msnui-rmb",
      "unicode": "e648",
      "unicode_decimal": 58952
    },
    {
      "icon_id": "124074",
      "name": "地图",
      "font_class": "icglobaltitlebar48iconfontmap",
      "unicode": "e612",
      "unicode_decimal": 58898
    },
    {
      "icon_id": "124506",
      "name": "文件夹-03",
      "font_class": "wenjianjia03",
      "unicode": "e620",
      "unicode_decimal": 58912
    },
    {
      "icon_id": "128215",
      "name": "对勾",
      "font_class": "duigou",
      "unicode": "e65c",
      "unicode_decimal": 58972
    },
    {
      "icon_id": "130768",
      "name": "搜索",
      "font_class": "sousuo",
      "unicode": "e601",
      "unicode_decimal": 58881
    },
    {
      "icon_id": "158790",
      "name": "支付宝",
      "font_class": "zhifu",
      "unicode": "e63c",
      "unicode_decimal": 58940
    },
    {
      "icon_id": "161031",
      "name": "上传",
      "font_class": "shangchuan",
      "unicode": "e636",
      "unicode_decimal": 58934
    },
    {
      "icon_id": "165975",
      "name": "2",
      "font_class": "2",
      "unicode": "e649",
      "unicode_decimal": 58953
    },
    {
      "icon_id": "165976",
      "name": "3",
      "font_class": "3",
      "unicode": "e64a",
      "unicode_decimal": 58954
    },
    {
      "icon_id": "169729",
      "name": "常见问题",
      "font_class": "changjianwenti",
      "unicode": "e63f",
      "unicode_decimal": 58943
    },
    {
      "icon_id": "196887",
      "name": "邮箱",
      "font_class": "youxiang",
      "unicode": "e632",
      "unicode_decimal": 58930
    },
    {
      "icon_id": "242043",
      "name": "点赞",
      "font_class": "dianzan",
      "unicode": "e61c",
      "unicode_decimal": 58908
    },
    {
      "icon_id": "274913",
      "name": "电话",
      "font_class": "dianhua",
      "unicode": "e6b0",
      "unicode_decimal": 59056
    },
    {
      "icon_id": "289989",
      "name": "铃当",
      "font_class": "alarm",
      "unicode": "e603",
      "unicode_decimal": 58883
    },
    {
      "icon_id": "300440",
      "name": "电话",
      "font_class": "iconfontdianhua",
      "unicode": "e645",
      "unicode_decimal": 58949
    },
    {
      "icon_id": "383815",
      "name": "R",
      "font_class": "r",
      "unicode": "e650",
      "unicode_decimal": 58960
    },
    {
      "icon_id": "386465",
      "name": "1",
      "font_class": "1",
      "unicode": "e6f1",
      "unicode_decimal": 59121
    },
    {
      "icon_id": "406046",
      "name": "签到",
      "font_class": "qiandao",
      "unicode": "e635",
      "unicode_decimal": 58933
    },
    {
      "icon_id": "409484",
      "name": "QQ",
      "font_class": "qq-copy",
      "unicode": "e61a",
      "unicode_decimal": 58906
    },
    {
      "icon_id": "445998",
      "name": "加号",
      "font_class": "jiahao",
      "unicode": "e62e",
      "unicode_decimal": 58926
    },
    {
      "icon_id": "458189",
      "name": "评价",
      "font_class": "pingjia",
      "unicode": "e672",
      "unicode_decimal": 58994
    },
    {
      "icon_id": "468194",
      "name": "qq",
      "font_class": "qq",
      "unicode": "e616",
      "unicode_decimal": 58902
    },
    {
      "icon_id": "480805",
      "name": "金币",
      "font_class": "icon",
      "unicode": "e63b",
      "unicode_decimal": 58939
    },
    {
      "icon_id": "509709",
      "name": "成功-钩",
      "font_class": "chenggonggou",
      "unicode": "e68d",
      "unicode_decimal": 59021
    },
    {
      "icon_id": "542880",
      "name": "缩小",
      "font_class": "suoxiao1",
      "unicode": "e60e",
      "unicode_decimal": 58894
    },
    {
      "icon_id": "566178",
      "name": "心",
      "font_class": "xin",
      "unicode": "e640",
      "unicode_decimal": 58944
    },
    {
      "icon_id": "613999",
      "name": "三角形",
      "font_class": "triangle-copy",
      "unicode": "e64e",
      "unicode_decimal": 58958
    },
    {
      "icon_id": "626009",
      "name": "我的点评",
      "font_class": "wodedianping",
      "unicode": "e660",
      "unicode_decimal": 58976
    },
    {
      "icon_id": "636372",
      "name": "注意",
      "font_class": "zhuyi",
      "unicode": "e6a6",
      "unicode_decimal": 59046
    },
    {
      "icon_id": "637411",
      "name": "收藏",
      "font_class": "shoucang",
      "unicode": "e646",
      "unicode_decimal": 58950
    },
    {
      "icon_id": "669428",
      "name": "微博",
      "font_class": "microblog",
      "unicode": "e6ac",
      "unicode_decimal": 59052
    },
    {
      "icon_id": "672128",
      "name": "友情链接",
      "font_class": "youqinglianjie",
      "unicode": "e696",
      "unicode_decimal": 59030
    },
    {
      "icon_id": "711181",
      "name": "加关注",
      "font_class": "jiaguanzhu",
      "unicode": "e64d",
      "unicode_decimal": 58957
    },
    {
      "icon_id": "755199",
      "name": "关于我们",
      "font_class": "guanyuwomen",
      "unicode": "e9be",
      "unicode_decimal": 59838
    },
    {
      "icon_id": "758191",
      "name": "返回",
      "font_class": "fanhui1",
      "unicode": "e61b",
      "unicode_decimal": 58907
    },
    {
      "icon_id": "820558",
      "name": "营销建议",
      "font_class": "yingxiaojianyi",
      "unicode": "e641",
      "unicode_decimal": 58945
    },
    {
      "icon_id": "820620",
      "name": "铃铛",
      "font_class": "lingdang",
      "unicode": "e638",
      "unicode_decimal": 58936
    },
    {
      "icon_id": "853015",
      "name": "领带",
      "font_class": "lingdai",
      "unicode": "e6b5",
      "unicode_decimal": 59061
    },
    {
      "icon_id": "903096",
      "name": "感叹号",
      "font_class": "gantanhao-copy",
      "unicode": "e623",
      "unicode_decimal": 58915
    },
    {
      "icon_id": "920134",
      "name": "发私信",
      "font_class": "fasixin",
      "unicode": "e675",
      "unicode_decimal": 58997
    },
    {
      "icon_id": "964081",
      "name": "喇叭",
      "font_class": "laba",
      "unicode": "e6be",
      "unicode_decimal": 59070
    },
    {
      "icon_id": "985887",
      "name": "勾",
      "font_class": "gou",
      "unicode": "e64b",
      "unicode_decimal": 58955
    },
    {
      "icon_id": "1001848",
      "name": "上传",
      "font_class": "shangchuan1",
      "unicode": "e61f",
      "unicode_decimal": 58911
    },
    {
      "icon_id": "1029099",
      "name": "放大",
      "font_class": "fangda",
      "unicode": "e765",
      "unicode_decimal": 59237
    },
    {
      "icon_id": "1032204",
      "name": "标签",
      "font_class": "biaoqian",
      "unicode": "e654",
      "unicode_decimal": 58964
    },
    {
      "icon_id": "1048153",
      "name": "加关注",
      "font_class": "qiepian33",
      "unicode": "e63a",
      "unicode_decimal": 58938
    },
    {
      "icon_id": "1066043",
      "name": "003登录",
      "font_class": "003denglu",
      "unicode": "e78e",
      "unicode_decimal": 59278
    },
    {
      "icon_id": "1086194",
      "name": "菜单",
      "font_class": "caidan-copy",
      "unicode": "e600",
      "unicode_decimal": 58880
    },
    {
      "icon_id": "1140604",
      "name": "专题活动",
      "font_class": "zhuantihuodong",
      "unicode": "e6c9",
      "unicode_decimal": 59081
    },
    {
      "icon_id": "1182088",
      "name": "分类",
      "font_class": "fenlei1",
      "unicode": "e761",
      "unicode_decimal": 59233
    },
    {
      "icon_id": "1194423",
      "name": "菜单",
      "font_class": "caidan",
      "unicode": "e6f0",
      "unicode_decimal": 59120
    },
    {
      "icon_id": "1278232",
      "name": "向下",
      "font_class": "xiangxia1",
      "unicode": "e634",
      "unicode_decimal": 58932
    },
    {
      "icon_id": "1311142",
      "name": "著作权",
      "font_class": "shouquanicon",
      "unicode": "e65a",
      "unicode_decimal": 58970
    },
    {
      "icon_id": "1347117",
      "name": "PDF地标",
      "font_class": "dibiao",
      "unicode": "e659",
      "unicode_decimal": 58969
    },
    {
      "icon_id": "1362400",
      "name": "放大",
      "font_class": "fangda1",
      "unicode": "e826",
      "unicode_decimal": 59430
    },
    {
      "icon_id": "1415964",
      "name": "点",
      "font_class": "dian",
      "unicode": "e64c",
      "unicode_decimal": 58956
    },
    {
      "icon_id": "1454743",
      "name": "节目新增",
      "font_class": "jiemuxinzeng",
      "unicode": "e66c",
      "unicode_decimal": 58988
    },
    {
      "icon_id": "1455729",
      "name": "ffan_星级（空心）",
      "font_class": "starhollow",
      "unicode": "e639",
      "unicode_decimal": 58937
    },
    {
      "icon_id": "1481019",
      "name": "微信",
      "font_class": "weixin",
      "unicode": "e637",
      "unicode_decimal": 58935
    },
    {
      "icon_id": "1512407",
      "name": "问号",
      "font_class": "wenhao",
      "unicode": "e615",
      "unicode_decimal": 58901
    },
    {
      "icon_id": "1523865",
      "name": "服务",
      "font_class": "fuwu",
      "unicode": "e6a2",
      "unicode_decimal": 59042
    },
    {
      "icon_id": "1526240",
      "name": "点赞1",
      "font_class": "zantong",
      "unicode": "e642",
      "unicode_decimal": 58946
    },
    {
      "icon_id": "1526241",
      "name": "点赞2",
      "font_class": "zantong-fill",
      "unicode": "e643",
      "unicode_decimal": 58947
    },
    {
      "icon_id": "1526608",
      "name": "AI",
      "font_class": "AI",
      "unicode": "e602",
      "unicode_decimal": 58882
    },
    {
      "icon_id": "1526610",
      "name": "CDR",
      "font_class": "CDR",
      "unicode": "e604",
      "unicode_decimal": 58884
    },
    {
      "icon_id": "1526611",
      "name": "DWG",
      "font_class": "DWG",
      "unicode": "e605",
      "unicode_decimal": 58885
    },
    {
      "icon_id": "1526612",
      "name": "EPS",
      "font_class": "EPS",
      "unicode": "e606",
      "unicode_decimal": 58886
    },
    {
      "icon_id": "1526613",
      "name": "JPG",
      "font_class": "JPG",
      "unicode": "e607",
      "unicode_decimal": 58887
    },
    {
      "icon_id": "1526614",
      "name": "MAX",
      "font_class": "MAX",
      "unicode": "e608",
      "unicode_decimal": 58888
    },
    {
      "icon_id": "1526615",
      "name": "PNG",
      "font_class": "PNG",
      "unicode": "e609",
      "unicode_decimal": 58889
    },
    {
      "icon_id": "1526616",
      "name": "PS",
      "font_class": "PS",
      "unicode": "e60a",
      "unicode_decimal": 58890
    },
    {
      "icon_id": "1526617",
      "name": "RAR",
      "font_class": "RAR",
      "unicode": "e60b",
      "unicode_decimal": 58891
    },
    {
      "icon_id": "1526618",
      "name": "TIF",
      "font_class": "TIF",
      "unicode": "e60c",
      "unicode_decimal": 58892
    },
    {
      "icon_id": "1526619",
      "name": "ZIP",
      "font_class": "ZIP",
      "unicode": "e60d",
      "unicode_decimal": 58893
    },
    {
      "icon_id": "1527462",
      "name": "缩小",
      "font_class": "suoxiao",
      "unicode": "e617",
      "unicode_decimal": 58903
    },
    {
      "icon_id": "1527504",
      "name": "左",
      "font_class": "zuo",
      "unicode": "e618",
      "unicode_decimal": 58904
    },
    {
      "icon_id": "1527506",
      "name": "右",
      "font_class": "you",
      "unicode": "e619",
      "unicode_decimal": 58905
    },
    {
      "icon_id": "1527733",
      "name": "点赞下",
      "font_class": "dianzanxia",
      "unicode": "e61e",
      "unicode_decimal": 58910
    },
    {
      "icon_id": "1527760",
      "name": "ffan_星级（实心）",
      "font_class": "ffan_xingjishixin",
      "unicode": "e622",
      "unicode_decimal": 58914
    },
    {
      "icon_id": "1528835",
      "name": "充值",
      "font_class": "chongzhi2",
      "unicode": "e625",
      "unicode_decimal": 58917
    },
    {
      "icon_id": "1528836",
      "name": "对话框",
      "font_class": "duihuakuang2",
      "unicode": "e621",
      "unicode_decimal": 58913
    },
    {
      "icon_id": "1528838",
      "name": "对话框内容_线",
      "font_class": "duihuakuangneirong_xian",
      "unicode": "e626",
      "unicode_decimal": 58918
    },
    {
      "icon_id": "1528840",
      "name": "个人标签",
      "font_class": "gerenbiaoqian1",
      "unicode": "e624",
      "unicode_decimal": 58916
    },
    {
      "icon_id": "1528841",
      "name": "个人中心",
      "font_class": "gerenzhongxin",
      "unicode": "e627",
      "unicode_decimal": 58919
    },
    {
      "icon_id": "1528842",
      "name": "话题",
      "font_class": "huati",
      "unicode": "e628",
      "unicode_decimal": 58920
    },
    {
      "icon_id": "1528843",
      "name": "教程",
      "font_class": "jiaocheng",
      "unicode": "e629",
      "unicode_decimal": 58921
    },
    {
      "icon_id": "1528845",
      "name": "求助",
      "font_class": "qiuzhu",
      "unicode": "e62a",
      "unicode_decimal": 58922
    },
    {
      "icon_id": "1528846",
      "name": "上传",
      "font_class": "shangchuan2",
      "unicode": "e62b",
      "unicode_decimal": 58923
    },
    {
      "icon_id": "1528847",
      "name": "收藏",
      "font_class": "shoucang1",
      "unicode": "e633",
      "unicode_decimal": 58931
    },
    {
      "icon_id": "1528848",
      "name": "收支记录",
      "font_class": "shouzhijilu",
      "unicode": "e63d",
      "unicode_decimal": 58941
    },
    {
      "icon_id": "1528849",
      "name": "书签",
      "font_class": "shuqian",
      "unicode": "e63e",
      "unicode_decimal": 58942
    },
    {
      "icon_id": "1528850",
      "name": "下载",
      "font_class": "xiazai",
      "unicode": "e630",
      "unicode_decimal": 58928
    },
    {
      "icon_id": "1528851",
      "name": "账户设置",
      "font_class": "zhanghushezhi",
      "unicode": "e631",
      "unicode_decimal": 58929
    },
    {
      "icon_id": "1528854",
      "name": "资源管理",
      "font_class": "ziyuanguanli",
      "unicode": "e644",
      "unicode_decimal": 58948
    },
    {
      "icon_id": "1534876",
      "name": "注册用户",
      "font_class": "zhuceyonghu",
      "unicode": "e62c",
      "unicode_decimal": 58924
    },
    {
      "icon_id": "1534877",
      "name": "资源下载量",
      "font_class": "ziyuanxiazailiang",
      "unicode": "e62d",
      "unicode_decimal": 58925
    }
  ]
}
